Reader,Worker,Time
0,0,8.80173
1,4,8.10154
1,6,9.00171
1,8,9.30109
1,16,10.1015
2,4,8.50093
2,6,8.70163
2,8,8.90178
2,16,9.10102
